{"_timestamp":1.7307406034470792e+09,"_wandb":{"runtime":2},"_runtime":2.4368275,"_step":7,"acc":0.8588851446264327,"loss":0.049998771881480365}